date,twse_close,twse_change_pct,candidate_count,v01_score,v01_regime,v02_score,v02_regime,breakout_count,postbreakout_count,near_pivot_count,forming_count,extended_count,active_industry_count,t1_return_pct,t3_return_pct,t5_return_pct,t10_return_pct,v02_delta_1d,v02_delta_5d,divergence_1d
2025-08-25,24277.38,2.1583,152,58.3,中性偏多,61.0,中性偏多,6,98,34,14,25,28,0.1142,-0.1686,-0.8471,1.1121,,,
2025-08-26,24305.1,0.1142,189,52.1,中性,53.6,中性,3,132,44,10,34,25,0.8838,-0.2962,-1.1863,2.2632,-7.399999999999999,,-7.514199999999999
2025-08-27,24519.9,0.8838,200,50.1,中性,51.5,中性,6,173,21,0,51,26,-1.156,-1.8278,-1.7113,2.7434,-2.1000000000000014,,-2.9838000000000013
2025-08-28,24236.45,-1.156,200,45.6,中性,46.4,中性,4,184,12,0,51,26,-0.0138,-0.9064,-0.2335,4.0405,-5.100000000000001,,-3.9440000000000017
2025-08-29,24233.1,-0.0138,200,45.3,中性,46.0,中性,4,186,10,0,60,26,-0.6659,-0.548,1.079,5.1233,-0.3999999999999986,,-0.3861999999999986
2025-09-01,24071.73,-0.6659,171,50.1,中性,51.5,中性,2,118,34,17,29,27,-0.2283,0.4492,1.976,5.34,5.5,-9.5,6.1659
2025-09-02,24016.78,-0.2283,126,53.5,中性,55.6,中性偏多,3,83,25,15,21,25,0.3478,1.9894,3.4909,6.7156,4.100000000000001,2.0,4.328300000000001
2025-09-03,24100.3,0.3478,123,56.8,中性偏多,59.5,中性偏多,4,75,27,17,23,23,0.3301,1.8551,4.5323,5.5516,3.8999999999999986,8.0,3.5521999999999987
2025-09-04,24179.85,0.3301,151,53.8,中性,53.6,中性,2,97,34,18,18,21,1.3016,2.7929,4.284,6.5737,-5.899999999999999,7.200000000000003,-6.230099999999998
2025-09-05,24494.58,1.3016,186,53.9,中性,55.8,中性偏多,4,122,43,17,38,23,0.2156,2.8496,4.0011,4.4246,2.1999999999999957,9.799999999999997,0.8983999999999956
2025-09-08,24547.38,0.2156,186,56.4,中性偏多,58.7,中性偏多,6,122,41,17,47,24,1.2539,2.7226,3.2988,5.4312,2.9000000000000057,7.200000000000003,2.6844000000000054
2025-09-09,24855.18,1.2539,185,52.3,中性,53.7,中性,3,129,43,10,41,22,1.3575,2.4923,3.1159,5.6012,-5.0,-1.8999999999999986,-6.2539
2025-09-10,25192.59,1.3575,187,55.7,中性偏多,57.9,中性偏多,5,121,45,16,33,24,0.0918,0.6532,0.9751,3.9859,4.199999999999996,-1.6000000000000014,2.842499999999996
2025-09-11,25215.71,0.0918,134,58.4,中性偏多,58.7,中性偏多,3,77,36,18,16,21,1.0269,1.6416,2.1956,3.2049,0.8000000000000043,5.100000000000001,0.7082000000000043
2025-09-12,25474.64,1.0269,141,61.3,中性偏多,63.9,中性偏多,5,72,41,23,20,22,-0.4612,-0.1429,0.4072,0.4148,5.199999999999996,8.100000000000001,4.173099999999996
2025-09-15,25357.16,-0.4612,119,56.9,中性偏多,59.3,中性偏多,3,69,32,15,18,20,1.0746,1.6256,2.0643,1.8274,-4.600000000000001,0.5999999999999943,-4.138800000000002
2025-09-16,25629.64,1.0746,138,58.5,中性偏多,61.4,中性偏多,5,82,33,18,26,17,-0.7468,-0.2,2.4102,1.3784,2.1000000000000014,7.699999999999996,1.0254000000000014
2025-09-17,25438.25,-0.7468,135,55.2,中性偏多,57.6,中性偏多,3,78,33,21,27,19,1.3016,1.7389,2.9817,3.6958,-3.799999999999997,-0.29999999999999716,-3.0531999999999972
2025-09-18,25769.36,1.3016,165,55.2,中性偏多,57.5,中性偏多,3,93,45,24,31,19,-0.7412,1.855,0.9876,3.8484,-0.10000000000000142,-1.2000000000000028,-1.4016000000000015
2025-09-19,25578.37,-0.7412,158,57.5,中性偏多,60.2,中性偏多,5,93,39,21,31,17,1.1816,2.4175,0.0076,6.3866,2.700000000000003,-3.6999999999999957,3.441200000000003
2025-09-22,25880.6,1.1816,179,55.2,中性偏多,57.4,中性偏多,4,108,45,22,34,18,1.4172,0.5535,-0.2321,4.5713,-2.8000000000000043,-1.8999999999999986,-3.9816000000000042
2025-09-23,26247.37,1.4172,160,57.9,中性偏多,60.3,中性偏多,4,89,48,19,25,18,-0.1929,-2.5414,-1.0076,4.0177,2.8999999999999986,-1.1000000000000014,1.4827999999999986
2025-09-24,26196.73,-0.1929,151,59.9,中性偏多,60.7,中性偏多,4,81,42,24,18,17,-0.6599,-1.436,0.6934,2.774,0.4000000000000057,3.1000000000000014,0.5929000000000056
2025-09-25,26023.85,-0.6599,140,64.2,中性偏多,67.3,中性偏多,4,67,43,26,12,21,-1.7043,-0.1573,2.8328,2.9561,6.599999999999994,9.799999999999997,7.259899999999995
2025-09-26,25580.32,-1.7043,102,35.8,中性偏空,56.6,中性偏多,0,46,31,25,11,20,0.9391,3.1199,6.3785,6.6277,-10.699999999999996,-3.6000000000000014,-8.995699999999996
2025-09-30,25820.54,0.9391,138,65.6,中性偏多,69.5,中性偏多,4,56,43,35,11,22,0.6288,3.6425,4.8145,7.077,12.899999999999999,12.100000000000001,11.960899999999999
2025-10-01,25982.91,0.6288,121,62.1,中性偏多,63.2,中性偏多,2,47,47,25,15,15,1.5221,4.7302,5.0765,5.0782,-6.299999999999997,2.9000000000000057,-6.928799999999997
2025-10-02,26378.39,1.5221,114,64.6,中性偏多,67.5,中性偏多,4,46,41,23,16,14,1.4507,2.5979,2.0662,4.9671,4.299999999999997,6.799999999999997,2.777899999999997
2025-10-03,26761.06,1.4507,134,62.9,中性偏多,66.9,中性偏多,6,61,35,32,20,15,1.6849,2.0211,0.1199,3.7044,-0.5999999999999943,-0.3999999999999915,-2.0506999999999946
2025-10-07,27211.95,1.6849,158,56.8,中性偏多,57.5,中性偏多,2,80,46,30,20,16,-0.5449,-1.0603,0.2343,1.6058,-9.400000000000006,0.8999999999999986,-11.084900000000006
2025-10-08,27063.68,-0.5449,172,55.7,中性偏多,55.9,中性偏多,2,95,46,29,21,21,0.8803,-0.9996,2.1586,1.7314,-1.6000000000000014,-13.600000000000001,-1.0551000000000013
2025-10-09,27301.92,0.8803,169,52.9,中性,54.5,中性,2,97,38,32,24,23,-1.3863,-0.096,0.0016,2.5336,-1.3999999999999986,-8.700000000000003,-2.2802999999999987
2025-10-13,26923.42,-1.3863,134,65.9,中性偏多,70.2,偏多,7,64,39,24,15,19,-0.4839,2.6908,2.8422,3.8097,15.700000000000003,2.700000000000003,17.0863
2025-10-14,26793.15,-0.4839,88,55.0,中性偏多,58.1,中性偏多,2,45,18,23,12,19,1.8011,1.9006,3.5802,5.6044,-12.100000000000001,-8.800000000000004,-11.616100000000001
2025-10-15,27275.71,1.8011,105,67.2,中性偏多,69.0,中性偏多,6,49,26,24,13,19,1.3644,1.5139,1.3682,3.7096,10.899999999999999,11.5,9.098899999999999
2025-10-16,27647.87,1.3644,133,61.0,中性偏多,62.6,中性偏多,4,74,34,21,14,25,-1.2496,0.3781,-0.4181,2.1176,-6.399999999999999,6.700000000000003,-7.764399999999998
2025-10-17,27302.37,-1.2496,114,56.6,中性偏多,57.1,中性偏多,3,72,24,15,14,22,1.4148,1.2693,2.5319,3.7807,-5.5,2.6000000000000014,-4.2504
2025-10-20,27688.63,1.4148,130,51.0,中性,52.4,中性,1,84,31,14,21,22,0.2303,-0.5647,0.9407,1.5455,-4.700000000000003,-17.800000000000004,-6.1148000000000025
2025-10-21,27752.41,0.2303,144,53.8,中性,56.1,中性偏多,3,87,30,24,29,23,-0.3729,0.8692,1.9542,-0.1274,3.700000000000003,-2.0,3.4697000000000027
2025-10-22,27648.91,-0.3729,170,55.5,中性偏多,58.1,中性偏多,4,97,40,29,34,20,-0.4219,1.0858,2.3097,0.9061,2.0,-10.899999999999999,2.3729
2025-10-23,27532.26,-0.4219,158,52.3,中性,54.3,中性,3,102,30,23,27,23,1.6757,2.7694,2.5464,0.4328,-3.8000000000000043,-8.300000000000004,-3.3781000000000043
2025-10-27,27993.63,1.6757,171,52.2,中性,54.3,中性,2,99,39,31,31,24,-0.159,1.0499,1.218,-0.4434,0.0,-2.8000000000000043,-1.6757
2025-10-28,27949.11,-0.159,148,52.2,中性,54.4,中性,1,76,36,35,29,21,1.2366,1.017,0.5991,-0.5874,0.10000000000000142,2.0,0.25900000000000145
2025-10-29,28294.74,1.2366,153,63.5,中性偏多,67.1,中性偏多,7,76,44,26,25,15,-0.0255,0.1408,-2.0417,-1.2287,12.699999999999996,10.999999999999993,11.463399999999996
2025-10-30,28287.53,-0.0255,129,64.0,中性偏多,65.8,中性偏多,5,60,38,26,16,16,-0.1915,-0.6044,-1.3719,-1.3574,-1.2999999999999972,7.699999999999996,-1.274499999999997
2025-10-31,28233.35,-0.1915,126,72.8,偏多,75.3,偏多,8,55,38,25,12,16,0.3586,-1.8286,-2.0612,-2.9605,9.5,21.0,9.6915
2025-11-03,28334.59,0.3586,146,71.7,偏多,72.3,偏多,10,72,42,22,17,18,-0.7695,-1.5357,-1.6414,-3.1314,-3.0,18.0,-3.3586
2025-11-04,28116.56,-0.7695,105,62.6,中性偏多,65.7,中性偏多,2,52,32,19,8,18,-1.4209,-1.6544,-1.1794,-4.8386,-6.599999999999994,11.300000000000004,-5.8304999999999945
2025-11-05,27717.06,-1.4209,105,68.5,中性偏多,74.0,偏多,5,54,25,21,6,20,0.658,0.55,0.8299,-4.102,8.299999999999997,6.900000000000006,9.720899999999997
2025-11-06,27899.45,0.658,116,66.7,中性偏多,69.3,中性偏多,4,55,42,15,11,22,-0.889,-0.4104,0.0147,-1.6957,-4.700000000000003,3.5,-5.358000000000003
2025-11-07,27651.41,-0.889,94,58.7,中性偏多,62.8,中性偏多,1,46,27,20,7,19,0.7887,1.0693,-0.9183,-4.3993,-6.5,-12.5,-5.611
2025-11-10,27869.51,0.7887,89,57.2,中性偏多,59.4,中性偏多,1,42,32,14,16,12,-0.3034,0.1222,-1.5149,-4.8988,-3.3999999999999986,-12.899999999999999,-4.188699999999999
2025-11-11,27784.95,-0.3034,92,77.0,偏多,73.7,偏多,10,39,24,19,17,18,0.5836,-1.3945,-3.7028,-3.1412,14.300000000000004,8.0,14.603400000000004
2025-11-12,27947.09,0.5836,115,66.2,中性偏多,69.0,中性偏多,7,61,30,17,27,17,-0.1558,-1.7883,-4.8913,-1.9235,-4.700000000000003,-5.0,-5.2836000000000025
2025-11-13,27903.56,-0.1558,119,54.8,中性,56.9,中性偏多,2,68,31,18,21,22,-1.8136,-4.1122,-1.7102,-1.2508,-12.100000000000001,-12.399999999999999,-11.944200000000002
2025-11-14,27397.5,-1.8136,100,51.8,中性,53.6,中性,1,59,23,17,20,22,0.1818,-2.9834,-3.5133,0.8358,-3.299999999999997,-9.199999999999996,-1.486399999999997
2025-11-17,27447.31,0.1818,90,54.0,中性,58.1,中性偏多,2,52,23,13,13,19,-2.5182,-0.0763,-3.4359,-0.3818,4.5,-1.2999999999999972,4.3182
2025-11-18,26756.12,-2.5182,46,31.0,中性偏空,52.5,中性,0,26,13,7,8,13,-0.6578,-1.2004,0.5832,3.0204,-5.600000000000001,-21.200000000000003,-3.081800000000001
2025-11-19,26580.12,-0.6578,40,38.9,中性偏空,59.8,中性偏多,0,18,16,6,4,13,3.1837,-0.2855,3.1205,4.5633,7.299999999999997,-9.200000000000003,7.957799999999997
2025-11-20,27426.36,3.1837,57,82.9,偏多,81.8,偏多,6,24,14,13,3,11,-3.6148,-1.8748,0.4673,1.3467,22.0,24.9,18.8163
2025-11-21,26434.94,-3.6148,33,33.9,中性偏空,55.1,中性偏多,0,19,8,6,3,10,0.2622,3.6868,4.5074,5.8481,-26.699999999999996,1.5,-23.085199999999997
2025-11-24,26504.24,0.2622,49,62.3,中性偏多,65.8,中性偏多,2,24,14,9,8,15,1.5391,3.9627,3.1628,6.7896,10.699999999999996,7.699999999999996,10.437799999999996
2025-11-25,26912.17,1.5391,66,66.2,中性偏多,69.3,中性偏多,4,33,17,12,10,18,1.8481,2.6542,2.4231,4.7207,3.5,16.799999999999997,1.9609
2025-11-26,27409.54,1.8481,92,71.7,偏多,73.0,偏多,6,44,28,14,10,23,0.529,-0.2445,1.3991,3.6162,3.700000000000003,13.200000000000003,1.8519000000000028
2025-11-27,27554.53,0.529,107,65.4,中性偏多,68.7,中性偏多,5,56,24,22,10,21,0.2611,0.0353,0.8753,1.7065,-4.299999999999997,-13.099999999999994,-4.828999999999997
2025-11-28,27626.48,0.2611,129,59.5,中性偏多,61.4,中性偏多,5,76,26,22,17,25,-1.0278,0.6029,1.2829,2.0688,-7.300000000000004,6.299999999999997,-7.561100000000004
2025-12-01,27342.53,-1.0278,124,55.8,中性偏多,56.6,中性偏多,2,77,36,9,17,24,0.811,1.6574,3.5156,1.9179,-4.799999999999997,-9.199999999999996,-3.772199999999997
2025-12-02,27564.27,0.811,136,56.3,中性偏多,56.6,中性偏多,2,76,35,23,16,27,0.8299,1.5115,2.2432,-0.1002,0.0,-12.699999999999996,-0.811
2025-12-03,27793.04,0.8299,146,63.7,中性偏多,65.7,中性偏多,5,77,44,20,15,28,0.0096,1.8377,2.1865,-0.9638,9.100000000000001,-7.299999999999997,8.270100000000001
2025-12-04,27795.71,0.0096,153,60.5,中性偏多,62.6,中性偏多,3,81,44,25,14,25,0.6662,1.3919,0.824,-1.1771,-3.1000000000000014,-6.100000000000001,-3.1096000000000013
2025-12-05,27980.89,0.6662,138,61.0,中性偏多,63.8,中性偏多,1,66,48,23,10,20,1.154,1.5005,0.776,-1.0169,1.1999999999999957,2.3999999999999986,0.5337999999999957
2025-12-08,28303.78,1.154,147,68.0,中性偏多,71.4,偏多,6,67,49,25,13,19,-0.4281,-0.9858,-1.5434,-0.5446,7.6000000000000085,14.800000000000004,6.446000000000009
2025-12-09,28182.6,-0.4281,165,58.8,中性偏多,61.5,中性偏多,4,82,52,27,27,23,0.774,0.0547,-2.292,0.4537,-9.900000000000006,4.899999999999999,-9.471900000000005
2025-12-10,28400.73,0.774,166,63.9,中性偏多,67.6,中性偏多,7,75,53,31,26,20,-1.3238,-1.8795,-3.0829,-0.1012,6.099999999999994,1.8999999999999915,5.325999999999994
2025-12-11,28024.75,-1.3238,147,55.3,中性偏多,57.7,中性偏多,2,74,42,29,28,19,0.6183,-1.7416,-1.9847,1.8957,-9.899999999999991,-4.899999999999999,-8.576199999999991
2025-12-12,28198.02,0.6183,180,60.9,中性偏多,64.4,中性偏多,8,97,41,34,32,20,-1.1741,-2.3862,-1.7791,2.1735,6.700000000000003,0.6000000000000085,6.081700000000003
2025-12-15,27866.94,-1.1741,169,61.1,中性偏多,64.2,中性偏多,7,95,45,22,28,21,-1.1852,-1.4297,1.0145,3.015,-0.20000000000000284,-7.200000000000003,0.9740999999999971
2025-12-16,27536.66,-1.1852,134,55.3,中性偏多,57.3,中性偏多,2,75,39,18,23,16,-0.0417,0.5799,2.8101,5.182,-6.900000000000006,-4.200000000000003,-5.714800000000006
2025-12-17,27525.17,-0.0417,129,64.4,中性偏多,67.6,中性偏多,6,60,36,27,18,15,-0.2058,2.2687,3.0765,6.629,10.299999999999997,0.0,10.341699999999998
2025-12-18,27468.53,-0.2058,113,63.4,中性偏多,66.6,中性偏多,2,48,38,25,9,14,0.8294,3.0651,3.959,9.5983,-1.0,8.899999999999991,-0.7942
2025-12-19,27696.35,0.8294,132,65.4,中性偏多,68.9,中性偏多,3,57,47,25,10,17,1.6366,2.4394,4.0241,10.3983,2.3000000000000114,4.5,1.4706000000000112
2025-12-22,28149.64,1.6366,172,70.0,偏多,73.9,偏多,7,81,63,21,13,21,0.5713,1.4436,1.9805,8.1203,5.0,9.700000000000003,3.3634
2025-12-23,28310.47,0.5713,187,60.7,中性偏多,61.5,中性偏多,4,102,61,20,21,23,0.2173,1.7676,2.307,7.2414,-12.400000000000006,4.200000000000003,-12.971300000000006
2025-12-24,28371.98,0.2173,186,58.6,中性偏多,60.9,中性偏多,4,98,62,22,28,23,0.6487,1.1813,3.4465,6.7566,-0.6000000000000014,-6.699999999999996,-0.8173000000000015
2025-12-26,28556.02,0.6487,196,59.3,中性偏多,61.8,中性偏多,5,104,64,23,31,23,0.8925,1.4273,5.4245,7.0432,0.8999999999999986,-4.799999999999997,0.2512999999999985
2025-12-29,28810.89,0.8925,184,61.5,中性偏多,64.5,中性偏多,6,91,60,27,33,24,-0.3601,1.8705,6.1276,6.582,2.700000000000003,-4.400000000000006,1.8075000000000028
2025-12-30,28707.13,-0.3601,196,60.5,中性偏多,63.4,中性偏多,6,99,62,29,32,25,0.8934,4.8696,6.0206,7.7843,-1.1000000000000014,-10.500000000000007,-0.7399000000000014
2025-12-31,28963.6,0.8934,197,58.4,中性偏多,60.9,中性偏多,4,97,65,31,33,23,1.3334,5.568,4.8231,6.3769,-2.5,-0.6000000000000014,-3.3933999999999997
2026-01-02,29349.81,1.3334,200,69.9,中性偏多,72.2,偏多,13,102,69,16,44,22,2.5732,3.699,3.1999,7.015,11.300000000000004,11.300000000000004,9.966600000000005
2026-01-05,30105.04,2.5732,200,60.4,中性偏多,63.2,中性偏多,7,112,59,22,49,22,1.5654,0.8487,1.5355,5.0963,-9.0,1.4000000000000057,-11.5732
2026-01-06,30576.3,1.5654,200,67.6,中性偏多,69.0,中性偏多,14,128,53,5,47,22,-0.4606,-0.9397,0.4282,3.8713,5.799999999999997,4.5,4.234599999999997
2026-01-07,30435.47,-0.4606,200,66.7,中性偏多,67.9,中性偏多,14,135,51,0,54,22,-0.2462,0.4331,1.6635,2.6643,-1.0999999999999943,4.500000000000007,-0.6393999999999943
2026-01-08,30360.55,-0.2462,192,58.4,中性偏多,61.1,中性偏多,6,110,51,25,34,24,-0.2358,1.1418,1.4823,4.5636,-6.800000000000004,0.20000000000000284,-6.553800000000004
2026-01-09,30288.96,-0.2358,191,55.9,中性偏多,58.1,中性偏多,3,104,58,26,33,25,0.9189,2.1553,3.6969,5.522,-3.0,-14.100000000000001,-2.7641999999999998
2026-01-12,30567.29,0.9189,200,69.0,中性偏多,70.8,偏多,13,110,63,14,29,25,0.4578,0.7959,3.507,4.8981,12.699999999999996,7.599999999999994,11.781099999999995
2026-01-13,30707.22,0.4578,200,58.0,中性偏多,59.9,中性偏多,6,134,58,2,38,29,0.7639,2.2844,3.4284,5.2453,-10.899999999999999,-9.100000000000001,-11.3578
2026-01-14,30941.78,0.7639,200,59.2,中性偏多,59.0,中性偏多,16,184,0,0,60,32,-0.424,2.2543,0.9844,6.0179,-0.8999999999999986,-8.900000000000006,-1.6638999999999986
2026-01-15,30810.58,-0.424,200,46.3,中性,47.4,中性,6,194,0,0,52,33,1.9413,3.0814,3.0363,5.601,-11.600000000000001,-13.700000000000003,-11.176000000000002
2026-01-16,31408.7,1.9413,200,48.8,中性,50.3,中性,8,192,0,0,60,34,0.7342,-0.5168,1.7601,2.0856,2.8999999999999986,-7.800000000000004,0.9586999999999986
2026-01-19,31639.29,0.7342,200,53.8,中性,55.1,中性偏多,12,188,0,0,71,30,0.3815,0.3375,1.344,-0.0482,4.800000000000004,-15.699999999999996,4.065800000000005
2026-01-20,31759.99,0.3815,200,48.6,中性,50.2,中性,8,192,0,0,64,33,-1.6172,0.6345,1.7567,1.3708,-4.899999999999999,-9.699999999999996,-5.2814999999999985
2026-01-21,31246.37,-1.6172,200,46.3,中性,46.7,中性,1,165,34,0,56,28,1.5993,2.6184,4.9844,3.3394,-3.5,-12.299999999999997,-1.8828
2026-01-22,31746.08,1.5993,200,58.5,中性偏多,61.0,中性偏多,8,134,46,12,50,22,0.6786,1.8013,2.4891,0.1738,14.299999999999997,13.600000000000001,12.700699999999998
2026-01-23,31961.51,0.6786,200,54.7,中性,56.7,中性偏多,5,134,47,14,33,21,0.3223,2.6354,0.3199,-0.5588,-4.299999999999997,6.400000000000006,-4.9785999999999975
2026-01-26,32064.52,0.3223,200,58.0,中性偏多,60.2,中性偏多,8,145,47,0,41,25,0.7903,1.4713,-1.3738,1.0607,3.5,5.100000000000001,3.1777
2026-01-27,32317.92,0.7903,200,49.4,中性,50.3,中性,3,160,37,0,46,20,1.5035,-0.7865,-0.3792,2.3363,-9.900000000000006,0.09999999999999432,-10.690300000000006
2026-01-28,32803.82,1.5035,200,51.5,中性,53.3,中性,8,177,15,0,53,28,-0.8156,-3.5965,-1.5669,2.4445,3.0,6.599999999999994,1.4965
2026-01-29,32536.27,-0.8156,185,53.9,中性,55.7,中性偏多,4,123,43,15,33,25,-1.4523,-1.0478,-2.259,3.8019,2.4000000000000057,-5.299999999999997,3.2156000000000056
2026-01-30,32063.75,-1.4523,125,29.4,偏空,50.6,中性,0,77,30,18,25,20,-1.3714,0.705,-0.8758,8.2245,-5.100000000000001,-6.100000000000001,-3.6477000000000013
2026-02-02,31624.03,-1.3714,85,58.0,中性偏多,60.5,中性偏多,1,36,31,17,15,14,1.8066,0.5605,2.4683,11.9815,9.899999999999999,0.29999999999999716,11.271399999999998
2026-02-03,32195.36,1.8066,98,64.4,中性偏多,68.4,中性偏多,5,46,26,21,17,13,0.2934,-1.2811,2.7259,9.9987,7.900000000000006,18.10000000000001,6.093400000000006
2026-02-04,32289.81,0.2934,137,54.0,中性,56.3,中性偏多,1,66,39,31,29,14,-1.513,0.3556,4.0753,8.6878,-12.100000000000009,3.0,-12.393400000000009
2026-02-05,31801.27,-1.513,112,57.9,中性偏多,60.5,中性偏多,3,62,31,16,24,14,-0.0577,3.9989,6.201,7.9317,4.200000000000003,4.799999999999997,5.713000000000003
2026-02-06,31782.92,-0.0577,73,30.7,中性偏空,52.2,中性,0,42,19,12,13,14,1.9561,5.7351,9.1807,3.2909,-8.299999999999997,1.6000000000000014,-8.242299999999997
2026-02-09,32404.62,1.9561,91,64.1,中性偏多,67.5,中性偏多,4,46,29,12,14,16,2.0625,4.2236,9.284,3.914,15.299999999999997,7.0,13.343899999999998
2026-02-10,33072.97,2.0625,96,61.6,中性偏多,64.9,中性偏多,4,52,26,14,17,18,1.6108,4.922,7.0799,1.5921,-2.5999999999999943,-3.5,-4.662499999999994
2026-02-11,33605.71,1.6108,101,51.4,中性,52.8,中性,1,66,23,11,23,16,0.4986,5.3781,4.4319,-4.4495,-12.100000000000009,-3.5,-13.710800000000008
2026-02-23,33773.26,0.4986,136,60.5,中性偏多,63.4,中性偏多,6,85,33,12,30,22,2.7464,4.8595,1.6297,-2.965,10.600000000000001,2.8999999999999986,10.101400000000002
2026-02-24,34700.82,2.7464,200,60.2,中性偏多,62.0,中性偏多,12,152,30,6,56,28,2.0525,1.1362,-5.3945,-1.6905,-1.3999999999999986,9.799999999999997,-4.146399999999998
2026-02-25,35413.07,2.0525,200,45.7,中性,46.2,中性,2,174,24,0,70,31,0.004,-3.0763,-4.9138,-5.171,-15.799999999999997,-21.299999999999997,-17.8525
2026-02-26,35414.49,0.004,200,57.7,中性偏多,57.9,中性偏多,15,185,0,0,80,27,-0.9019,-7.301,-5.1249,-5.6874,11.699999999999996,-7.000000000000007,11.695999999999996
2026-03-02,35095.09,-0.9019,200,44.4,中性偏空,45.0,中性,3,186,11,0,83,31,-2.1981,-4.0523,-8.5045,-4.9938,-12.899999999999999,-7.799999999999997,-11.998099999999999
2026-03-03,34323.65,-2.1981,184,47.8,中性,49.0,中性,1,130,32,21,58,25,-4.3549,-2.1097,-4.521,-1.4191,4.0,-14.399999999999999,6.1981
2026-03-04,32828.88,-4.3549,85,45.6,中性,48.0,中性,1,65,9,10,21,22,2.5711,-2.1885,3.9152,4.6292,-1.0,-14.0,3.3548999999999998
2026-03-05,33672.94,2.5711,72,32.1,中性偏空,53.7,中性,0,38,22,12,16,17,-0.218,-2.6759,-0.2705,0.0497,5.700000000000003,7.5,3.128900000000003
2026-03-06,33599.54,-0.218,90,54.6,中性,56.8,中性偏多,1,46,26,17,17,17,-4.432,1.5317,-0.5929,-0.1657,3.0999999999999943,-1.1000000000000014,3.3179999999999943
2026-03-09,32110.42,-4.432,58,50.6,中性,52.4,中性,1,40,10,7,19,19,2.0599,4.5824,3.837,1.9062,-4.399999999999999,7.399999999999999,0.032000000000001805
2026-03-10,32771.87,2.0599,59,70.0,偏多,70.3,偏多,5,32,12,10,10,17,4.096,1.9176,3.2488,-0.4871,17.9,21.299999999999997,15.8401
2026-03-11,34114.19,4.096,104,65.1,中性偏多,66.5,中性偏多,6,59,22,17,13,21,-1.5604,-2.262,0.6871,-1.9789,-3.799999999999997,18.5,-7.895999999999997
2026-03-12,33581.86,-1.5604,125,53.6,中性,55.8,中性偏多,4,90,19,12,30,23,-0.5406,0.7585,0.3211,-0.7273,-10.700000000000003,2.0999999999999943,-9.139600000000003
2026-03-13,33400.32,-0.5406,150,50.1,中性,51.8,中性,3,110,21,16,48,27,-0.1731,2.8391,0.4298,-0.8615,-4.0,-5.0,-3.4594
2026-03-16,33342.51,-0.1731,150,54.1,中性,56.6,中性偏多,6,112,17,15,44,28,1.4818,1.0412,-1.8595,-2.4724,4.800000000000004,4.200000000000003,4.973100000000004
2026-03-17,33836.57,1.4818,176,54.5,中性,57.2,中性偏多,7,126,21,22,45,27,1.5132,-0.865,-3.6184,-6.2464,0.6000000000000014,-13.099999999999994,-0.8817999999999986
2026-03-18,34348.58,1.5132,198,51.8,中性,53.7,中性,5,143,29,21,62,28,-1.9183,-4.734,-2.6478,-3.4172,-3.5,-12.799999999999997,-5.0132
2026-03-19,33689.68,-1.9183,200,54.9,中性,57.4,中性偏多,8,146,26,20,61,27,-0.4328,-3.1981,-1.045,-3.3163,3.6999999999999957,1.6000000000000014,5.618299999999996
2026-03-20,33543.88,-0.4328,179,52.4,中性,54.4,中性,5,130,26,18,49,27,-2.4487,-0.3123,-1.2857,-0.9363,-3.0,2.6000000000000014,-2.5672
2026-03-23,32722.5,-2.4487,100,49.2,中性,50.8,中性,1,67,17,15,26,19,-0.337,1.8798,-0.6245,6.2308,-3.6000000000000014,-5.800000000000004,-1.1513000000000013
2026-03-24,32612.24,-0.337,69,57.3,中性偏多,61.4,中性偏多,3,44,13,9,17,19,2.5355,1.5342,-2.7267,6.8959,10.600000000000001,4.199999999999996,10.937000000000001
2026-03-25,33439.11,2.5355,109,61.6,中性偏多,64.7,中性偏多,6,64,19,20,16,26,-0.3035,-2.7541,-0.7904,5.9174,3.3000000000000043,11.0,0.7645000000000044
2026-03-26,33337.62,-0.3035,104,58.8,中性偏多,61.7,中性偏多,4,63,24,13,20,24,-0.675,-4.8433,-2.2953,6.3582,-3.0,4.300000000000004,-2.6965
2026-03-27,33112.59,-0.675,129,62.2,中性偏多,65.2,中性偏多,7,81,28,13,24,23,-1.7952,0.1879,0.354,9.6143,3.5,10.800000000000004,4.175
2026-03-30,32518.16,-1.7952,102,53.5,中性,55.5,中性偏多,2,66,23,11,25,22,-2.4453,0.1669,6.8984,12.9281,-9.700000000000003,4.700000000000003,-7.904800000000003
2026-03-31,31722.99,-2.4453,61,30.8,中性偏空,52.2,中性,0,35,17,9,10,19,4.5766,4.75,9.8924,17.0508,-3.299999999999997,-9.199999999999996,-0.8546999999999971
2026-04-01,33174.82,4.5766,81,72.4,偏多,71.4,偏多,7,41,18,15,11,22,-1.8158,4.7824,6.7612,10.9406,19.200000000000003,6.700000000000003,14.623400000000004
2026-04-02,32572.43,-1.8158,77,58.1,中性偏多,59.1,中性偏多,1,42,23,11,8,19,2.0182,7.0266,8.8568,13.4665,-12.300000000000004,-2.6000000000000014,-10.484200000000005
2026-04-07,33229.82,2.0182,102,61.1,中性偏多,64.3,中性偏多,4,54,28,16,20,21,4.609,6.5845,9.2276,13.1668,5.199999999999996,-0.9000000000000057,3.1817999999999955
2026-04-08,34761.38,4.609,159,64.9,中性偏多,67.9,中性偏多,9,89,42,19,38,25,0.287,2.002,5.6406,8.9671,3.6000000000000085,12.400000000000006,-1.0089999999999915
2026-04-09,34861.16,0.287,200,60.8,中性偏多,63.8,中性偏多,10,133,43,14,57,26,1.5968,4.1162,6.514,8.1839,-4.1000000000000085,11.599999999999994,-4.3870000000000084
2026-04-10,35417.83,1.5968,200,53.6,中性,55.0,中性偏多,5,152,43,0,79,22,0.1114,3.6826,3.9147,9.9232,-8.799999999999997,-16.400000000000006,-10.396799999999997
2026-04-13,35457.29,0.1114,200,56.9,中性偏多,58.3,中性偏多,12,174,14,0,84,25,2.3658,4.7232,4.2347,11.7306,3.299999999999997,-0.8000000000000043,3.188599999999997
2026-04-14,36296.12,2.3658,200,50.7,中性,52.5,中性,9,189,2,0,87,25,1.1737,1.4002,3.6064,8.8869,-5.799999999999997,-11.799999999999997,-8.165799999999997
2026-04-15,36722.14,1.1737,200,45.9,中性,46.8,中性,5,190,5,0,86,24,1.1162,0.6445,3.1489,7.0294,-5.700000000000003,-21.10000000000001,-6.873700000000003
2026-04-16,37132.02,1.1162,200,63.5,中性偏多,59.5,中性偏多,19,181,0,0,65,25,-0.8825,1.2741,1.5677,4.8331,12.700000000000003,-4.299999999999997,11.583800000000004
2026-04-17,36804.34,-0.8825,200,53.1,中性,54.7,中性,11,189,0,0,79,22,0.4197,2.9185,5.7821,10.5988,-4.799999999999997,-0.29999999999999716,-3.9174999999999973
2026-04-20,36958.8,0.4197,200,61.0,中性偏多,59.4,中性偏多,17,183,0,0,75,23,1.7487,2.0438,7.1913,10.3101,4.699999999999996,1.1000000000000014,4.280299999999996
2026-04-21,37605.11,1.7487,200,52.1,中性,54.1,中性,10,190,0,0,60,24,0.7269,3.5295,5.0967,9.397,-5.299999999999997,1.6000000000000014,-7.048699999999997
2026-04-22,37878.47,0.7269,200,58.5,中性偏多,58.6,中性偏多,15,185,0,0,63,24,-0.4338,4.5888,3.7621,10.7061,4.5,11.800000000000004,3.7731
2026-04-23,37714.15,-0.4338,200,44.4,中性偏空,44.9,中性偏空,3,187,10,0,67,24,3.2302,4.7928,3.2149,10.3139,-13.700000000000003,-14.600000000000001,-13.266200000000003
2026-04-24,38932.4,3.2302,200,52.1,中性,53.8,中性,4,141,38,17,58,22,1.7575,0.9532,4.5534,7.3401,8.899999999999999,-0.9000000000000057,5.669799999999999
2026-04-27,39616.63,1.7575,147,57.6,中性偏多,60.5,中性偏多,5,85,31,26,27,19,-0.2395,-1.7417,2.9095,5.7594,6.700000000000003,1.1000000000000014,4.942500000000003
2026-04-28,39521.73,-0.2395,166,55.4,中性偏多,56.9,中性偏多,2,86,45,33,23,18,-0.5522,2.9943,4.0917,4.688,-3.6000000000000014,2.799999999999997,-3.3605000000000014
2026-04-29,39303.5,-0.5522,148,66.1,中性偏多,69.3,中性偏多,8,77,45,18,24,18,-0.9589,3.7294,6.6922,6.2291,12.399999999999999,10.699999999999996,12.952199999999998
2026-04-30,38926.63,-0.9589,155,60.3,中性偏多,63.0,中性偏多,5,85,47,18,32,19,4.5689,5.6831,6.8778,5.7691,-6.299999999999997,18.1,-5.341099999999997
2026-05-04,40705.14,4.5689,200,58.7,中性偏多,61.4,中性偏多,9,139,39,13,57,20,0.1576,3.0184,2.6653,0.4586,-1.6000000000000014,7.600000000000001,-6.168900000000002
2026-05-05,40769.29,0.1576,200,51.5,中性,52.9,中性,6,168,26,0,79,22,0.9065,2.0473,2.7693,-1.4563,-8.5,-7.600000000000001,-8.6576
2026-05-06,41138.85,0.9065,200,47.3,中性,48.3,中性,5,183,12,0,76,23,1.9323,1.5829,0.5728,-2.7177,-4.600000000000001,-8.600000000000001,-5.506500000000002
2026-05-07,41933.78,1.9323,200,51.3,中性,53.3,中性,10,190,0,0,71,28,-0.7866,-0.0846,-0.4341,-1.3487,5.0,-16.0,3.0677000000000003
2026-05-08,41603.94,-0.7866,200,51.1,中性,52.5,中性,4,151,36,9,64,25,0.4474,-0.5515,-1.0374,1.5961,-0.7999999999999972,-10.5,-0.013399999999997192
2026-05-11,41790.06,0.4474,200,49.9,中性,51.7,中性,9,191,0,0,68,27,0.2591,-0.0917,-2.1494,4.4373,-0.7999999999999972,-9.699999999999996,-1.2473999999999972
2026-05-12,41898.32,0.2591,200,42.2,中性偏空,42.5,中性偏空,3,197,0,0,79,28,-1.2502,-1.7327,-4.1118,3.8833,-9.200000000000003,-10.399999999999999,-9.459100000000003
2026-05-13,41374.5,-1.2502,200,45.6,中性,46.0,中性,1,166,29,4,63,29,0.9118,-1.1666,-3.2718,6.9664,3.5,-2.299999999999997,4.7501999999999995
2026-05-14,41751.75,0.9118,200,56.1,中性偏多,58.6,中性偏多,8,142,33,17,59,25,-1.3877,-3.7752,-0.9186,4.514,12.600000000000001,5.300000000000004,11.688200000000002
2026-05-15,41172.36,-1.3877,142,50.8,中性,52.6,中性,3,102,21,16,44,23,-0.6814,-2.7969,2.661,8.648,-6.0,0.10000000000000142,-4.6123
2026-05-18,40891.82,-0.6814,168,49.2,中性,51.0,中性,4,129,15,20,45,24,-1.7516,1.165,6.7314,10.8728,-1.6000000000000014,-0.7000000000000028,-0.9186000000000014
2026-05-19,40175.56,-1.7516,123,48.9,中性,50.3,中性,2,93,17,11,27,25,-0.3852,5.2082,8.3379,13.3956,-0.7000000000000028,7.799999999999997,1.0515999999999972
2026-05-20,40020.82,-0.3852,122,58.2,中性偏多,61.0,中性偏多,6,88,20,8,33,23,3.3667,9.0542,10.5844,16.0875,10.700000000000003,15.0,11.085200000000002
2026-05-21,41368.21,3.3667,194,53.4,中性,55.5,中性偏多,6,140,30,18,53,25,2.175,5.2145,5.483,10.4168,-5.5,-3.1000000000000014,-8.8667
2026-05-22,42267.97,2.175,200,52.7,中性,54.3,中性,11,189,0,0,67,28,3.2564,4.7053,5.8318,6.6314,-1.2000000000000028,1.6999999999999957,-3.3750000000000027
2026-05-25,43644.4,3.2564,200,51.7,中性,53.6,中性,10,190,0,0,75,25,-0.2727,-0.0182,3.8802,-0.3245,-0.6999999999999957,2.6000000000000014,-3.956399999999996
2026-05-26,43525.37,-0.2727,200,47.9,中性,49.1,中性,7,193,0,0,64,25,1.6805,2.7744,4.6684,2.7089,-4.5,-1.1999999999999957,-4.2273
2026-05-27,44256.8,1.6805,200,43.8,中性偏空,44.4,中性偏空,4,196,0,0,80,29,-1.4017,2.4428,4.9763,-2.3302,-4.700000000000003,-16.6,-6.380500000000003
2026-05-28,43636.44,-1.4017,200,46.2,中性,48.1,中性,2,160,29,9,68,31,2.5128,4.402,4.6773,-1.116,3.700000000000003,-7.399999999999999,5.101700000000003
2026-05-29,44732.94,2.5128,200,52.2,中性,53.8,中性,7,169,24,0,73,28,1.3524,3.8589,0.7556,-1.2606,5.699999999999996,-0.5,3.187199999999996
2026-06-01,45337.91,1.3524,200,47.0,中性,48.2,中性,6,189,5,0,85,31,0.4839,0.7489,-4.0477,0.1303,-5.599999999999994,-5.399999999999999,-6.952399999999995
2026-06-02,45557.31,0.4839,200,48.7,中性,50.2,中性,8,192,0,0,66,32,1.9796,-1.0676,-1.8721,0.5529,2.0,1.1000000000000014,1.5161
2026-06-03,46459.16,1.9796,200,52.9,中性,54.4,中性,11,189,0,0,70,34,-1.6826,-6.3634,-6.9601,-1.2522,4.199999999999996,10.0,2.2203999999999957
2026-06-04,45677.46,-1.6826,200,45.5,中性,50.2,中性,8,192,0,0,53,37,-1.3278,-2.1302,-5.5345,1.7246,-4.199999999999996,2.1000000000000014,-2.517399999999996
2026-06-05,45070.94,-1.3278,200,49.6,中性,50.8,中性,5,170,25,0,56,35,-3.4793,-4.0944,-2.0011,5.9253,0.5999999999999943,-3.0,1.9277999999999944
2026-06-08,43502.78,-3.4793,118,48.0,中性,49.7,中性,1,78,17,22,28,30,2.7623,-0.8122,4.3542,8.2704,-1.0999999999999943,1.5,2.3793000000000055
2026-06-09,44704.44,2.7623,142,55.2,中性偏多,58.3,中性偏多,5,85,19,33,30,32,-3.3082,-1.1976,2.4712,2.9956,8.599999999999994,8.099999999999994,5.837699999999995
2026-06-10,43225.54,-3.3082,127,46.2,中性,47.6,中性,1,93,14,19,27,31,-0.176,5.0235,6.1349,7.0091,-10.699999999999996,-6.799999999999997,-7.391799999999996
2026-06-11,43149.46,-0.176,129,51.1,中性,53.2,中性,4,99,12,14,24,30,2.3629,6.164,7.6843,3.2962,5.600000000000001,3.0,5.776000000000002
2026-06-12,44169.04,2.3629,140,57.2,中性偏多,60.5,中性偏多,7,96,15,22,21,30,2.7801,3.8678,8.0882,1.8811,7.299999999999997,9.700000000000003,4.937099999999997
2026-06-15,45396.99,2.7801,163,50.4,中性,52.3,中性,4,122,18,19,39,30,0.908,2.353,3.7528,1.6057,-8.200000000000003,2.5999999999999943,-10.980100000000004
2026-06-16,45809.19,0.908,173,48.5,中性,50.0,中性,4,140,14,15,39,28,0.1489,4.2182,0.5117,2.6409,-2.299999999999997,-8.299999999999997,-3.207999999999997
2026-06-17,45877.39,0.1489,200,48.2,中性,49.5,中性,3,153,25,19,59,29,1.2813,2.6664,0.8237,1.8893,-0.5,1.8999999999999986,-0.6489
2026-06-18,46465.2,1.2813,200,47.8,中性,48.8,中性,3,164,26,7,74,29,2.7468,-0.9073,-4.075,0.6788,-0.7000000000000028,-4.400000000000006,-1.981300000000003
2026-06-22,47741.51,2.7468,200,48.7,中性,49.9,中性,6,182,12,0,74,30,-1.3424,-3.1131,-5.7426,-2.4824,1.1000000000000014,-10.600000000000001,-1.6467999999999985
2026-06-23,47100.65,-1.3424,200,51.4,中性,53.4,中性,5,144,26,25,46,25,-2.2442,-5.3691,-2.0695,-3.4427,3.5,1.1000000000000014,4.8424
2026-06-24,46043.6,-2.2442,188,53.8,中性,56.2,中性偏多,5,122,33,28,45,26,0.4597,-2.2668,2.1184,-0.6715,2.8000000000000043,6.200000000000003,5.0442000000000045
2026-06-25,46255.26,0.4597,159,49.2,中性,50.7,中性,1,104,31,23,37,25,-3.6396,-0.2796,1.057,-1.9471,-5.5,1.2000000000000028,-5.9597
2026-06-26,44571.76,-3.6396,95,49.0,中性,50.9,中性,1,61,14,19,17,24,0.9606,5.4905,4.9557,1.8145,0.19999999999999574,2.1000000000000014,3.839599999999996
2026-06-29,44999.9,0.9606,87,54.4,中性,57.4,中性偏多,2,45,16,24,17,23,2.5023,3.8761,3.4589,-0.5821,6.5,7.5,5.5394
2026-06-30,46125.91,2.5023,130,62.8,中性偏多,66.9,中性偏多,6,59,33,32,22,25,1.9362,1.4194,-1.4023,-1.0717,9.500000000000007,13.500000000000007,6.997700000000007
2026-07-01,47018.99,1.9362,160,64.0,中性偏多,67.5,中性偏多,9,81,36,34,31,24,-0.5845,-0.9839,-2.732,-2.9648,0.5999999999999943,11.299999999999997,-1.3362000000000056
2026-07-02,46744.16,-0.5845,184,58.4,中性偏多,61.5,中性偏多,6,98,43,37,41,26,0.078,-2.7063,-2.9727,-8.7132,-6.0,10.799999999999997,-5.4155
2026-07-03,46780.62,0.078,200,60.8,中性偏多,64.2,中性偏多,10,123,40,27,49,28,-0.4793,-2.2364,-2.9929,-9.2579,2.700000000000003,13.300000000000004,2.622000000000003
2026-07-06,46556.39,-0.4793,200,52.8,中性,54.5,中性,7,166,27,0,60,36,-2.3139,-2.5813,-3.9059,-4.9908,-9.700000000000003,-2.8999999999999986,-9.220700000000003
2026-07-07,45479.11,-2.3139,160,47.3,中性,48.2,中性,1,113,23,23,23,30,0.5614,-0.2168,0.3353,-1.4365,-6.299999999999997,-18.700000000000003,-3.9860999999999973
2026-07-08,45734.41,0.5614,117,56.5,中性偏多,58.1,中性偏多,3,68,26,20,16,26,-0.8304,-2.1788,-0.2393,-1.932,9.899999999999999,-9.399999999999999,9.338599999999998
2026-07-09,45354.61,-0.8304,102,66.4,中性偏多,70.4,偏多,4,49,28,21,8,20,0.0571,0.6107,-5.9164,-3.7477,12.300000000000004,8.900000000000006,13.130400000000005
2026-07-13,45380.52,0.0571,105,72.5,偏多,73.8,偏多,7,41,34,23,13,22,-1.416,0.5387,-6.4583,-3.8482,3.3999999999999915,9.599999999999994,3.3428999999999913
2026-07-14,44737.95,-1.416,94,32.9,中性偏空,54.6,中性,0,47,30,17,21,22,1.9975,-4.6195,-1.129,-7.0066,-19.199999999999996,0.10000000000000142,-17.783999999999995
2026-07-15,45631.59,1.9975,130,65.7,中性偏多,69.4,中性偏多,7,61,37,25,26,24,-0.0145,-6.973,-1.7659,-12.2556,14.800000000000004,21.200000000000003,12.802500000000004
2026-07-16,45624.98,-0.0145,118,61.8,中性偏多,65.2,中性偏多,4,52,36,26,20,25,-6.4739,-3.0512,-1.6968,-12.4749,-4.200000000000003,7.100000000000001,-4.185500000000003
2026-07-17,42671.27,-6.4739,69,62.6,中性偏多,65.1,中性偏多,1,30,25,13,6,14,-0.5192,5.0491,2.305,1.051,-0.10000000000000853,-5.300000000000011,6.373899999999992
2026-07-20,42449.7,-0.5192,55,74.3,偏多,82.2,偏多,2,19,21,13,1,10,4.2007,5.6564,2.7903,2.2066,17.10000000000001,8.400000000000006,17.61920000000001
2026-07-21,44232.87,4.2007,56,87.0,偏多,89.9,偏多,5,25,22,4,1,12,1.3404,-1.3068,-5.9447,-1.9719,7.700000000000003,35.300000000000004,3.4993000000000025
2026-07-22,44825.78,1.3404,64,67.0,中性偏多,71.1,偏多,1,23,26,14,4,10,0.0558,-2.6583,-10.6782,-0.4778,-18.80000000000001,1.6999999999999886,-20.14040000000001
2026-07-23,44850.81,0.0558,72,79.0,偏多,82.7,偏多,5,27,27,13,5,15,-2.6665,-7.2406,-10.9641,-1.0125,11.600000000000009,17.5,11.544200000000009
2026-07-24,43654.84,-2.6665,65,72.1,偏多,75.3,偏多,1,22,35,7,2,11,-0.0473,-8.2824,-1.2257,1.3081,-7.400000000000006,10.200000000000003,-4.733500000000006
2026-07-27,43634.19,-0.0473,59,72.8,偏多,77.7,偏多,2,22,25,10,3,10,-4.6542,-8.4816,-0.5679,2.9669,2.4000000000000057,-4.5,2.4473000000000056
2026-07-28,41603.36,-4.6542,39,71.2,偏多,75.3,偏多,1,15,17,6,2,8,-3.7597,3.6449,4.2239,8.4545,-2.4000000000000057,-14.600000000000009,2.2541999999999947
2026-07-29,40039.18,-3.7597,30,50.2,中性,75.7,偏多,0,10,14,6,0,6,-0.2644,8.3599,11.4199,13.6838,0.4000000000000057,4.6000000000000085,4.159700000000006
2026-07-30,39933.3,-0.2644,29,90.7,偏多,90.2,偏多,3,10,12,4,1,5,7.9794,8.5827,11.1771,15.2459,14.5,7.5,14.7644
2026-07-31,43119.75,7.9794,45,81.1,偏多,81.9,偏多,4,18,13,10,3,11,0.6184,3.4598,2.5653,6.2414,-8.299999999999997,6.6000000000000085,-16.279399999999995
2026-08-03,43386.41,0.6184,54,46.9,中性,71.4,偏多,0,19,23,12,1,8,-0.0594,2.3286,3.5549,5.695,-10.5,-6.299999999999997,-11.1184
2026-08-04,43360.66,-0.0594,59,70.7,偏多,73.7,偏多,1,19,28,11,3,9,2.885,1.9955,4.0591,4.4926,2.299999999999997,-1.5999999999999943,2.3593999999999973
2026-08-05,44611.6,2.885,89,82.3,偏多,88.5,偏多,6,27,36,20,3,14,-0.4817,0.7109,2.0319,0.2415,14.799999999999997,12.799999999999997,11.914999999999997
2026-08-06,44396.7,-0.4817,100,79.8,偏多,83.9,偏多,6,30,44,20,6,16,-0.3847,1.6308,3.6597,1.2096,-4.599999999999994,-6.299999999999997,-4.118299999999994
2026-08-07,44225.91,-0.3847,96,69.3,中性偏多,75.2,偏多,3,36,38,19,6,17,1.5892,2.9217,3.5841,2.2575,-8.700000000000003,-6.700000000000003,-8.315300000000002
2026-08-10,44928.76,1.5892,124,77.7,偏多,78.6,偏多,10,53,40,21,12,17,0.4272,2.4321,2.0666,-0.3705,3.3999999999999915,7.199999999999989,1.8107999999999915
2026-08-11,45120.72,0.4272,126,66.2,中性偏多,69.4,中性偏多,5,57,36,28,12,20,0.8806,1.5299,0.4166,0.108,-9.199999999999989,-4.299999999999997,-9.627199999999988
2026-08-12,45518.07,0.8806,142,65.6,中性偏多,68.0,中性偏多,6,69,39,28,15,25,1.106,0.7452,-1.7547,0.691,-1.4000000000000057,-20.5,-2.280600000000006
2026-08-13,46021.48,1.106,139,68.8,中性偏多,70.4,偏多,8,69,38,24,16,25,-0.4573,-1.5488,-2.3636,-0.1005,2.4000000000000057,-13.5,1.2940000000000056
2026-08-14,45811.01,-0.4573,136,62.2,中性偏多,64.9,中性偏多,4,63,48,21,20,22,0.101,-2.383,-1.2807,1.1361,-5.5,-10.299999999999997,-5.0427
2026-08-17,45857.27,0.101,140,72.6,偏多,75.1,偏多,10,57,48,25,30,21,-1.1963,-2.0139,-2.3877,0.5914,10.199999999999989,-3.5,10.098999999999988
2026-08-18,45308.68,-1.1963,117,54.7,中性,57.8,中性偏多,1,58,38,20,23,20,-1.3007,-0.1863,-0.3073,3.6197,-17.299999999999997,-11.600000000000009,-16.103699999999996
2026-08-19,44719.35,-1.3007,106,55.8,中性偏多,58.9,中性偏多,1,51,37,17,19,20,0.4794,0.0961,2.4895,3.2321,1.1000000000000014,-9.100000000000001,2.4007000000000014
2026-08-20,44933.74,0.4794,103,66.2,中性偏多,68.0,中性偏多,4,45,34,20,12,20,0.6466,0.5246,2.3178,2.0562,9.100000000000001,-2.4000000000000057,8.620600000000001
2026-08-21,45224.29,0.6466,131,58.4,中性偏多,59.0,中性偏多,2,65,40,24,16,24,-1.0215,1.3451,2.4482,2.9339,-9.0,-5.900000000000006,-9.6466
2026-08-24,44762.32,-1.0215,130,66.8,中性偏多,70.0,偏多,4,58,47,21,11,23,0.9096,2.7096,3.052,5.7279,11.0,-5.099999999999994,12.0215
2026-08-25,45169.46,0.9096,125,58.9,中性偏多,60.7,中性偏多,3,64,36,22,17,18,1.4682,2.5725,3.9391,4.2868,-9.299999999999997,2.9000000000000057,-10.209599999999996
2026-08-26,45832.62,1.4682,164,63.4,中性偏多,66.1,中性偏多,5,68,59,32,23,20,0.3111,0.6455,0.7246,2.9471,5.3999999999999915,7.199999999999996,3.9317999999999915
2026-08-27,45975.22,0.3111,190,65.8,中性偏多,69.9,中性偏多,9,80,62,39,34,21,0.7748,2.1174,-0.2557,2.0995,3.8000000000000114,1.9000000000000057,3.488900000000011
2026-08-28,46331.45,0.7748,186,53.2,中性,55.3,中性偏多,1,94,52,39,36,20,-0.4381,-0.3599,0.4741,-0.3164,-14.600000000000009,-3.700000000000003,-15.37480000000001
2026-08-31,46128.47,-0.4381,191,65.2,中性偏多,69.0,中性偏多,9,88,61,33,34,20,1.7782,-0.5871,2.5967,-0.5765,13.700000000000003,-1.0,14.138100000000003
2026-09-01,46948.72,1.7782,200,68.5,中性偏多,71.0,偏多,12,108,69,11,30,22,-1.6699,-0.8469,0.3345,-3.0613,2.0,10.299999999999997,0.2218
2026-09-02,46164.72,-1.6699,200,61.6,中性偏多,64.4,中性偏多,6,100,69,25,31,19,-0.6651,2.5161,2.2065,-0.6841,-6.599999999999994,-1.6999999999999886,-4.930099999999994
2026-09-03,45857.66,-0.6651,153,65.1,中性偏多,68.1,中性偏多,3,68,57,25,12,19,1.5122,2.7217,2.3613,0.9384,3.6999999999999886,-1.8000000000000114,4.365099999999988
2026-09-04,46551.13,1.5122,182,71.4,偏多,77.2,偏多,7,76,64,35,9,18,1.6651,1.3581,-0.7868,1.3525,9.100000000000009,21.900000000000006,7.5878000000000085
2026-09-07,47326.27,1.6651,173,71.6,偏多,77.0,偏多,8,71,55,39,11,19,-0.4659,-0.8152,-3.0929,0.8295,-0.20000000000000284,8.0,-1.8651000000000029
