data_date,twse_close,twse_change_pct,candidate_count,breakout_count,postbreakout_count,near_pivot_count,forming_count,volume_breakout_count,active_industry_count,industry_count,extended_count,failed_count,v01_score,v01_regime,v02_score,v02_regime,v01_breakout_breadth,v01_volume_breakout,v01_setup_pressure,v01_vcp_quality,v01_industry_breadth,v01_risk_control,v02_breakout_impulse,v02_postbreakout_health,v02_setup_pressure,v02_vcp_quality,v02_industry_spread,v02_risk_control
2026-09-16,45848.9,0.74,150,5,55,54,36,5,18,29,10,0,69.6,中性偏多,74.5,偏多,33.3,100.0,72.0,66.3,100.0,55.6,49.2,100,87.0,66.1,100,44.4
2026-09-17,46288.0,0.96,150,9,65,66,10,9,20,29,16,0,75.4,偏多,75.9,偏多,60.0,100.0,88.0,62.0,100.0,28.9,82.5,100,90.3,61.5,100,11.1
2026-09-21,47718.84,1.14,150,9,120,21,0,9,22,24,43,0,59.8,中性偏多,61.4,中性偏多,60.0,100.0,28.0,37.4,100.0,0.0,82.5,100,30.1,36.0,100,0
2026-09-23,48157.29,0.92,150,5,98,47,0,5,20,26,31,0,59.7,中性偏多,61.8,中性偏多,33.3,100.0,62.7,46.6,100.0,0.0,49.2,100,67.4,45.5,100,0
2026-09-24,48024.6,-0.28,150,4,96,50,0,4,23,28,33,0,58.8,中性偏多,60.6,中性偏多,26.7,100.0,66.7,47.7,100.0,0.0,39.3,100,71.7,46.7,100,0
2026-09-29,47631.96,-0.82,150,12,90,48,0,12,24,28,35,0,72.1,偏多,72.7,偏多,80.0,100.0,64.0,50.1,100.0,0.0,100,100,68.8,49.4,100,0
2026-09-30,47940.13,0.65,150,15,118,17,0,15,25,26,42,0,69.1,中性偏多,64.2,中性偏多,100.0,100.0,22.7,38.2,100.0,0.0,100,100,24.4,36.9,100,0
2026-10-01,48353.49,0.86,150,11,139,0,0,11,27,27,33,0,57.7,中性偏多,58.0,中性偏多,73.3,100.0,0.0,29.1,100.0,0.0,94.2,100,0,27.4,100,0
2026-10-02,48475.74,0.25,150,9,141,0,0,9,26,26,41,0,54.5,中性,55.8,中性偏多,60.0,100.0,0.0,30.2,100.0,0.0,82.5,100,0,28.5,100,0
2026-10-05,49712.04,2.55,150,17,133,0,0,17,26,26,39,0,65.7,中性偏多,60.4,中性偏多,100.0,100.0,0.0,37.7,100.0,0.0,100,100,0,36.0,100,0
2026-10-06,49822.55,0.22,150,2,148,0,0,2,23,23,34,0,42.6,中性偏空,42.9,中性偏空,13.3,100.0,0.0,28.5,100.0,0.0,19.7,100,0,26.6,100,0
